feature id, garden centroid x, garden centroid y, surface area m², fraction classed as vegetation by vndvi
1, 67.02801704406738, 24.898114880037713, 455.78024803202345, 0.34874260355029585
